LogP,pKi
3.572600000000002,10.0
3.5303000000000013,10.0
4.485140000000005,10.0
2.018870000000001,10.0
3.681600000000002,10.0
2.8909200000000004,10.0
4.763640000000004,10.0
2.7726400000000018,10.0
2.994200000000002,10.0
4.335100000000003,10.0
3.314840000000002,10.0
2.2303000000000006,10.0
3.9665400000000144,9.698970004
2.26494,9.698970004
5.832300000000006,9.698970004
3.742600000000003,9.698970004
4.217800000000005,9.698970004
2.58724,9.698970004
4.956800000000004,9.698970004
3.8317400000000057,9.698970004
5.549840000000009,9.698970004
6.268900000000006,9.698970004
6.268900000000006,9.698970004
2.4945000000000013,9.698970004
4.566700000000004,9.698970004
-4.646089999999977,9.698970004
3.650840000000006,9.698970004
1.1618000000000126,9.698970004
4.9940400000000045,9.698970004
1.362709999999976,9.698970004
4.611300000000004,9.698970004
3.8606000000000025,9.698970004
5.312400000000006,9.698970004
-0.0609999999999876,9.698970004
3.291100000000002,9.698970004
3.387600000000002,9.698970004
3.796600000000014,9.698970004
3.124100000000001,9.698970004
3.124100000000001,9.698970004
6.840000000000008,9.698970004
4.015500000000005,9.698970004
5.114400000000004,9.698970004
5.965900000000007,9.698970004
6.260300000000006,9.698970004
5.832300000000006,9.522878745
3.9562000000000017,9.522878745
4.065900000000005,9.522878745
3.267470000000003,9.522878745
5.0030000000000046,9.522878745
3.6296000000000017,9.522878745
3.6296000000000017,9.522878745
5.780900000000006,9.522878745
4.023000000000003,9.522878745
2.277399999999986,9.522878745
5.070200000000004,9.522878745
4.589700000000003,9.522878745
3.387600000000002,9.522878745
4.4425000000000034,9.522878745
2.965900000000002,9.522878745
1.7655000000000016,9.522878745
2.8846000000000007,9.522878745
3.7485000000000026,9.522878745
4.204300000000004,9.522878745
5.783300000000006,9.522878745
4.5442000000000045,9.522878745
0.2434400000000061,9.522878745
4.413800000000005,9.522878745
3.9393400000000174,9.397940009
3.786500000000002,9.397940009
3.765500000000003,9.397940009
4.8849000000000045,9.397940009
3.6429000000000022,9.397940009
2.661440000000004,9.397940009
3.388940000000005,9.397940009
1.4742999999999988,9.397940009
1.4742999999999988,9.397940009
6.676300000000008,9.397940009
3.3161000000000005,9.397940009
5.647440000000006,9.397940009
4.756600000000003,9.397940009
6.007300000000007,9.397940009
4.405600000000004,9.397940009
5.324340000000011,9.397940009
3.970840000000004,9.397940009
3.6395000000000026,9.397940009
6.149600000000007,9.397940009
5.676900000000006,9.397940009
5.719400000000006,9.397940009
5.312400000000006,9.397940009
4.803900000000006,9.397940009
3.193920000000002,9.397940009
1.5040000000000096,9.397940009
3.5836000000000023,9.397940009
3.5836000000000023,9.397940009
5.647440000000006,9.397940009
3.8205000000000022,9.397940009
3.2460400000000016,9.397940009
4.456000000000006,9.397940009
2.895400000000012,9.397940009
4.006300000000003,9.301029996
1.4370800000000126,9.301029996
6.329140000000009,9.301029996
1.7626000000000055,9.301029996
2.7551,9.301029996
4.182500000000004,9.301029996
4.443300000000016,9.301029996
4.249340000000004,9.301029996
3.583000000000002,9.301029996
3.583000000000002,9.301029996
4.336000000000005,9.301029996
5.4881000000000055,9.301029996
1.5040000000000096,9.301029996
2.7168,9.301029996
4.334940000000008,9.301029996
1.1121000000000043,9.301029996
4.102400000000004,9.301029996
4.252000000000004,9.301029996
5.600300000000006,9.301029996
4.85400000000001,9.301029996
6.135300000000007,9.301029996
2.7197000000000005,9.301029996
3.3161000000000014,9.301029996
4.788900000000004,9.301029996
4.0717000000000025,9.301029996
3.097000000000002,9.301029996
2.4906999999999995,9.301029996
3.7692000000000014,9.22184875
7.047500000000007,9.22184875
7.230100000000008,9.22184875
4.590500000000004,9.22184875
3.3264000000000014,9.22184875
3.3595000000000024,9.22184875
3.3595000000000024,9.22184875
3.5389000000000017,9.22184875
3.8480000000000025,9.22184875
4.971100000000005,9.22184875
4.932700000000006,9.22184875
-0.8180899999999924,9.22184875
3.2435000000000023,9.22184875
5.035200000000004,9.22184875
3.935500000000002,9.22184875
5.131100000000003,9.22184875
5.909780000000014,9.22184875
3.083800000000002,9.22184875
3.270800000000003,9.22184875
1.737100000000009,9.22184875
3.479570000000005,9.22184875
4.489500000000004,9.22184875
-1.0932999999999933,9.22184875
6.027820000000006,9.22184875
4.238100000000003,9.22184875
5.780900000000006,9.15490196
3.500300000000002,9.15490196
1.7929999999999993,9.15490196
2.7168,9.15490196
4.933000000000009,9.15490196
-0.6663999999999941,9.15490196
3.3077000000000027,9.15490196
2.7721000000000044,9.15490196
3.8205000000000022,9.15490196
3.163600000000001,9.15490196
3.6366000000000014,9.15490196
4.372100000000005,9.15490196
2.7924000000000007,9.15490196
2.7924000000000007,9.15490196
5.858500000000006,9.15490196
3.251400000000002,9.15490196
-0.1625999999999956,9.15490196
6.913700000000008,9.15490196
6.568720000000007,9.15490196
5.839800000000007,9.15490196
3.409600000000002,9.15490196
1.2173000000000016,9.15490196
4.256400000000004,9.15490196
6.260300000000006,9.15490196
2.5334400000000006,9.096910013
3.3161000000000005,9.096910013
5.858500000000006,9.096910013
4.9940400000000045,9.096910013
4.189800000000003,9.096910013
3.089100000000013,9.096910013
5.965900000000006,9.096910013
0.2360400000000071,9.096910013
4.061700000000005,9.096910013
4.061700000000005,9.096910013
-0.3146999999999931,9.096910013
4.735400000000005,9.096910013
4.805300000000004,9.096910013
4.6661000000000055,9.096910013
4.914500000000006,9.096910013
5.373340000000002,9.096910013
3.824100000000003,9.096910013
0.1711000000000088,9.096910013
6.861700000000008,9.096910013
5.965900000000006,9.096910013
4.159300000000004,9.096910013
2.9685000000000112,9.096910013
3.883740000000002,9.096910013
3.883740000000002,9.096910013
2.1558000000000024,9.096910013
4.969900000000005,9.096910013
6.268900000000006,9.096910013
3.8205000000000022,9.096910013
3.8102000000000023,9.045757491
3.888900000000003,9.045757491
2.2971000000000004,9.045757491
4.803900000000006,9.045757491
5.460200000000006,9.045757491
3.3263000000000016,9.045757491
3.790700000000003,9.045757491
9.1428,9.045757491
9.1428,9.045757491
3.711700000000001,9.045757491
5.498800000000006,9.045757491
5.746500000000006,9.045757491
5.746500000000006,9.045757491
3.479800000000002,9.045757491
2.9678099999999885,9.045757491
2.862700000000001,9.045757491
4.940300000000005,9.045757491
4.205200000000003,9.045757491
6.424200000000007,9.045757491
-0.3146999999999931,9.045757491
4.313440000000003,9.045757491
4.635200000000004,9.045757491
-1.374330000000021,9.0
6.210200000000008,9.0
6.763800000000007,9.0
5.276800000000005,9.0
5.820100000000007,9.0
1.8707,9.0
4.131100000000003,9.0
4.106500000000003,9.0
2.8570000000000046,9.0
2.8570000000000046,9.0
3.2539000000000025,9.0
3.269800000000002,9.0
3.269800000000002,9.0
5.311940000000006,9.0
5.451040000000005,9.0
3.269800000000002,9.0
3.269800000000002,9.0
3.924200000000005,9.0
3.5389000000000017,9.0
1.5040000000000096,9.0
5.370100000000009,9.0
5.989000000000006,9.0
-0.1524599999999927,9.0
0.4192000000000042,9.0
5.114400000000005,9.0
2.4712000000000005,9.0
5.052800000000005,9.0
6.683600000000008,9.0
2.9697000000000013,8.958607315
3.163600000000001,8.958607315
3.3567000000000027,8.958607315
3.6336000000000026,8.958607315
3.3264000000000014,8.958607315
3.348600000000002,8.958607315
1.3564000000000005,8.958607315
4.632400000000003,8.958607315
4.408900000000004,8.958607315
3.7501000000000015,8.958607315
0.1711000000000073,8.958607315
4.715540000000003,8.958607315
6.577320000000007,8.958607315
3.514200000000001,8.958607315
3.3264000000000014,8.958607315
3.572600000000003,8.958607315
3.572600000000003,8.958607315
6.764200000000009,8.958607315
4.413800000000005,8.920818754
4.413800000000005,8.920818754
3.305100000000002,8.920818754
3.6366000000000014,8.920818754
4.179400000000003,8.920818754
2.12282,8.920818754
4.690500000000005,8.920818754
4.579900000000006,8.920818754
4.847200000000005,8.920818754
7.46380000000001,8.920818754
5.0308000000000055,8.920818754
3.157140000000009,8.920818754
1.3176399999999993,8.920818754
3.5524000000000022,8.920818754
5.965900000000006,8.920818754
-1.9259599999999888,8.920818754
4.891900000000004,8.920818754
4.254000000000003,8.920818754
2.7168000000000028,8.920818754
3.729900000000003,8.920818754
1.8908000000000016,8.920818754
2.81032,8.886056648
3.671120000000002,8.886056648
4.624500000000004,8.886056648
2.9494000000000016,8.886056648
4.496200000000004,8.886056648
4.811600000000004,8.886056648
4.128700000000004,8.886056648
4.735400000000005,8.886056648
4.975500000000005,8.886056648
4.803900000000006,8.886056648
4.250700000000003,8.886056648
3.5465000000000027,8.886056648
4.350300000000005,8.886056648
4.016100000000002,8.886056648
4.699100000000014,8.886056648
-1.2731000000000037,8.886056648
6.268900000000006,8.886056648
-1.6615999999999929,8.886056648
6.135300000000007,8.886056648
6.600300000000008,8.886056648
6.848600000000008,8.853871964
7.567700000000009,8.853871964
5.342800000000005,8.853871964
-1.601700000000002,8.853871964
4.189800000000004,8.853871964
6.280400000000006,8.853871964
3.3595000000000024,8.853871964
3.3595000000000024,8.853871964
4.052400000000005,8.853871964
4.052400000000005,8.853871964
3.4083000000000023,8.853871964
3.4083000000000023,8.853871964
1.369700000000007,8.853871964
0.1711000000000088,8.853871964
3.5384400000000027,8.853871964
3.5384400000000027,8.853871964
2.518300000000001,8.853871964
2.1403000000000008,8.853871964
5.059600000000005,8.823908741
5.351200000000006,8.823908741
3.511300000000002,8.823908741
3.511300000000002,8.823908741
0.2812000000000109,8.823908741
6.277500000000006,8.823908741
6.577320000000007,8.823908741
4.176400000000003,8.823908741
4.362500000000004,8.823908741
3.8205000000000022,8.823908741
5.802740000000006,8.823908741
4.869700000000004,8.823908741
3.437000000000002,8.823908741
-0.4279899999999925,8.823908741
3.5454000000000017,8.823908741
3.888900000000003,8.795880017
2.258,8.795880017
2.258,8.795880017
2.258,8.795880017
3.9247000000000014,8.795880017
4.993600000000005,8.795880017
4.571700000000003,8.795880017
-2.443700000000009,8.795880017
4.803900000000006,8.795880017
1.4515000000000091,8.795880017
2.7168,8.795880017
5.275200000000004,8.795880017
3.886600000000003,8.795880017
4.198640000000002,8.795880017
2.7010000000000005,8.795880017
4.205200000000003,8.795880017
4.032140000000003,8.795880017
4.032140000000003,8.795880017
5.765900000000006,8.795880017
4.016100000000002,8.795880017
4.4425000000000034,8.795880017
2.5284000000000004,8.795880017
4.6806000000000045,8.795880017
3.791500000000004,8.769551079
1.1255000000000008,8.769551079
2.7168,8.769551079
1.1121000000000043,8.769551079
1.1121000000000043,8.769551079
4.452900000000004,8.769551079
6.173900000000007,8.769551079
6.11220000000001,8.769551079
3.545240000000001,8.769551079
5.907200000000006,8.769551079
-1.663200000000004,8.769551079
5.703200000000006,8.744727495
6.251000000000007,8.744727495
5.929700000000006,8.744727495
0.6094000000000074,8.744727495
1.96544,8.744727495
5.692300000000008,8.744727495
5.014300000000005,8.744727495
4.858300000000005,8.744727495
3.227500000000002,8.744727495
5.797100000000008,8.744727495
1.5547799999999583,8.744727495
-1.0622999999999936,8.744727495
4.114900000000003,8.744727495
4.5050000000000034,8.744727495
1.5335000000000008,8.744727495
3.218900000000003,8.744727495
4.181600000000003,8.744727495
9.1428,8.744727495
3.855000000000004,8.721246399
3.9101000000000026,8.721246399
4.932700000000006,8.721246399
4.449900000000006,8.721246399
4.442100000000005,8.721246399
4.524400000000005,8.721246399
0.8176000000000045,8.721246399
7.047500000000007,8.721246399
4.018800000000003,8.721246399
7.031200000000009,8.721246399
4.225940000000003,8.721246399
4.225940000000003,8.721246399
3.132100000000002,8.721246399
3.132100000000002,8.721246399
6.244700000000007,8.698970004
5.022500000000004,8.698970004
5.460800000000006,8.698970004
3.184600000000001,8.698970004
3.184600000000001,8.698970004
4.950900000000004,8.698970004
0.4940800000000138,8.698970004
3.6453000000000015,8.698970004
3.3068000000000017,8.698970004
5.611200000000006,8.698970004
1.9029,8.698970004
-3.155689999999978,8.698970004
-4.712189999999962,8.698970004
3.034000000000005,8.698970004
1.4515000000000091,8.698970004
3.3264000000000014,8.698970004
4.482300000000004,8.698970004
3.875600000000003,8.698970004
-1.0932999999999933,8.698970004
5.828600000000008,8.698970004
3.3029000000000024,8.698970004
5.553500000000005,8.698970004
3.308600000000002,8.698970004
5.536800000000007,8.698970004
4.106500000000003,8.677780705
2.745300000000001,8.677780705
6.424200000000007,8.677780705
4.753500000000005,8.677780705
2.7369000000000008,8.677780705
-0.4753300000000151,8.677780705
1.77192,8.677780705
4.879600000000004,8.677780705
4.937900000000004,8.677780705
-1.3478999999999923,8.677780705
-4.411700000000007,8.677780705
6.763800000000007,8.677780705
3.823500000000002,8.657577319
2.4858,8.657577319
4.799000000000005,8.657577319
4.806700000000007,8.657577319
4.276000000000003,8.657577319
3.517400000000003,8.657577319
3.517400000000003,8.657577319
0.1711000000000073,8.657577319
0.2812000000000109,8.657577319
5.755100000000005,8.657577319
5.051000000000005,8.657577319
4.994600000000005,8.638272164
5.603100000000007,8.638272164
3.974120000000004,8.638272164
6.447100000000007,8.638272164
4.585000000000004,8.638272164
5.153700000000005,8.638272164
5.714700000000006,8.638272164
4.138600000000003,8.638272164
2.9315,8.638272164
3.702620000000004,8.619788758
3.251400000000002,8.619788758
4.8814000000000055,8.619788758
5.525300000000008,8.619788758
3.5812000000000035,8.619788758
4.152240000000003,8.619788758
4.152240000000003,8.619788758
4.423320000000003,8.619788758
4.579900000000004,8.619788758
3.434200000000001,8.619788758
3.095400000000001,8.602059991
3.773700000000004,8.602059991
3.773700000000004,8.602059991
3.5099000000000027,8.602059991
5.355800000000005,8.602059991
7.567100000000008,8.602059991
4.144600000000003,8.602059991
5.073000000000006,8.602059991
3.135500000000002,8.585026652
3.135500000000002,8.585026652
1.4961000000000002,8.585026652
4.214400000000003,8.585026652
1.2534000000000003,8.585026652
3.3642800000000026,8.585026652
4.350300000000005,8.585026652
-1.6181999999999954,8.585026652
1.1093000000000115,8.585026652
2.7197000000000005,8.585026652
6.979100000000008,8.585026652
2.1545,8.585026652
3.6254000000000026,8.568636236
3.011300000000001,8.568636236
3.0375000000000014,8.568636236
4.086400000000002,8.568636236
4.427700000000004,8.568636236
4.109740000000003,8.568636236
4.109740000000003,8.568636236
3.8205000000000022,8.568636236
2.5198400000000003,8.568636236
5.443600000000005,8.568636236
5.916500000000006,8.568636236
3.182500000000002,8.568636236
3.182500000000002,8.568636236
2.460500000000001,8.568636236
3.8480000000000025,8.552841969
3.639500000000004,8.552841969
3.639500000000004,8.552841969
5.360000000000008,8.552841969
3.3879000000000112,8.552841969
4.263300000000004,8.552841969
3.218900000000003,8.552841969
2.4712000000000005,8.537602002
2.7168000000000028,8.537602002
2.758800000000001,8.537602002
1.3564000000000007,8.537602002
-5.010999999999991,8.537602002
4.818400000000006,8.537602002
3.193920000000002,8.537602002
4.859900000000005,8.537602002
4.8381000000000025,8.537602002
0.7458699999999763,8.537602002
2.7168,8.537602002
7.396200000000008,8.537602002
4.819900000000004,8.537602002
3.3580000000000023,8.537602002
4.579700000000004,8.522878745
2.8659000000000017,8.522878745
-0.8638300000000159,8.522878745
-5.130789999999979,8.522878745
6.974220000000006,8.522878745
5.821900000000007,8.522878745
1.823700000000001,8.508638306
2.838300000000003,8.508638306
2.838300000000003,8.508638306
4.693300000000004,8.508638306
3.754380000000003,8.508638306
3.1545000000000014,8.508638306
5.351900000000006,8.508638306
5.263800000000009,8.508638306
3.641300000000002,8.508638306
2.6606000000000005,8.494850022
3.1431000000000004,8.494850022
4.466300000000003,8.494850022
5.812400000000007,8.494850022
4.126300000000004,8.494850022
4.670200000000005,8.494850022
0.9722000000000082,8.494850022
5.8159000000000045,8.494850022
4.406200000000003,8.48148606
3.8278000000000025,8.48148606
1.3564000000000007,8.48148606
3.6799000000000026,8.48148606
4.423320000000003,8.48148606
4.096800000000004,8.468521083
3.3567000000000027,8.468521083
5.783800000000006,8.468521083
3.6525000000000114,8.468521083
6.659000000000007,8.468521083
4.074000000000003,8.468521083
3.974520000000004,8.468521083
6.949500000000008,8.468521083
7.321300000000008,8.455931956
5.235700000000006,8.455931956
4.912800000000005,8.455931956
6.214000000000008,8.455931956
-0.8151300000000272,8.455931956
4.457100000000004,8.455931956
5.355800000000005,8.455931956
4.545100000000003,8.455931956
0.9007999999999996,8.443697499
-6.7905999999999445,8.443697499
3.0633200000000027,8.443697499
3.0633200000000027,8.443697499
-3.130060000000032,8.443697499
5.735600000000007,8.431798276
4.031400000000003,8.431798276
0.9805999999999993,8.431798276
4.469800000000005,8.431798276
4.047300000000004,8.431798276
1.1405000000000116,8.431798276
2.246509999999979,8.431798276
0.3613000000000101,8.431798276
3.284900000000002,8.431798276
7.544400000000009,8.431798276
7.257920000000007,8.420216403
-6.49509999999994,8.420216403
2.7635000000000023,8.420216403
-1.449799999999989,8.420216403
3.397,8.420216403
7.91460000000001,8.420216403
4.325600000000003,8.408935393
3.3031000000000024,8.408935393
4.788300000000004,8.408935393
4.026500000000006,8.408935393
1.737100000000009,8.408935393
7.047500000000007,8.408935393
7.982800000000011,8.408935393
6.290600000000007,8.408935393
1.4352999999999998,8.408935393
6.156000000000006,8.408935393
2.286999999999999,8.408935393
2.286999999999999,8.408935393
2.8971,8.397940009
0.2034000000000126,8.397940009
3.9650000000000034,8.397940009
3.099500000000001,8.397940009
1.4461000000000004,8.397940009
3.644000000000003,8.397940009
5.793240000000007,8.397940009
2.8909200000000004,8.397940009
1.5831000000000073,8.397940009
3.636600000000003,8.387216143
2.7168,8.387216143
4.968140000000008,8.387216143
6.990400000000008,8.387216143
5.813300000000007,8.387216143
4.497900000000004,8.37675071
4.571700000000004,8.37675071
3.9814000000000025,8.37675071
1.6435000000000002,8.37675071
3.080400000000001,8.37675071
-6.885199999999942,8.37675071
11.035399999999994,8.37675071
1.4232399999999994,8.37675071
2.0744,8.37675071
2.3439,8.37675071
5.828600000000007,8.37675071
4.549100000000005,8.37675071
2.663100000000002,8.37675071
3.635000000000003,8.356547324
4.025100000000005,8.356547324
1.448700000000002,8.356547324
10.645299999999995,8.356547324
5.227100000000005,8.346787486
3.855500000000002,8.346787486
-2.386060000000005,8.346787486
2.910000000000001,8.346787486
4.319100000000003,8.346787486
3.858200000000003,8.346787486
4.217800000000005,8.337242168
4.372100000000005,8.337242168
3.803300000000003,8.337242168
4.175400000000004,8.337242168
1.0326099999999698,8.337242168
2.9049000000000014,8.337242168
6.107700000000007,8.327902142
3.738700000000004,8.327902142
4.427700000000004,8.327902142
3.716400000000002,8.327902142
3.766610000000008,8.318758763
-1.5241000000000025,8.318758763
4.323000000000005,8.318758763
4.375500000000007,8.318758763
4.184740000000002,8.318758763
4.184740000000002,8.318758763
3.702620000000004,8.318758763
4.967000000000004,8.30980392
4.967000000000004,8.30980392
4.967000000000004,8.30980392
-0.8591999999999893,8.30980392
2.5981700000000005,8.30980392
0.8004000000000131,8.30980392
0.8004000000000131,8.30980392
0.777900000000004,8.301029996
5.654140000000007,8.301029996
5.965340000000005,8.301029996
3.8079000000000023,8.301029996
4.234100000000005,8.301029996
5.798000000000008,8.301029996
4.555000000000005,8.301029996
5.6530000000000085,8.301029996
4.159100000000003,8.301029996
0.2807400000000025,8.301029996
5.828600000000008,8.301029996
2.517,8.301029996
2.8773000000000004,8.301029996
3.051400000000001,8.301029996
3.801800000000001,8.292429824
1.5054000000000074,8.292429824
3.0627000000000013,8.292429824
4.238500000000004,8.292429824
3.4971000000000023,8.292429824
3.996300000000004,8.292429824
3.445800000000001,8.292429824
3.038820000000002,8.283996656
5.600400000000006,8.283996656
5.364400000000005,8.283996656
-1.6181999999999954,8.283996656
-1.307999999999996,8.283996656
-1.307999999999996,8.283996656
1.8454000000000044,8.283996656
2.7197000000000005,8.283996656
6.858800000000009,8.283996656
3.8823000000000016,8.27572413
3.617300000000002,8.27572413
1.525720000000001,8.26760624
3.574300000000003,8.26760624
4.013800000000003,8.26760624
3.3263000000000016,8.26760624
5.898600000000005,8.26760624
3.354400000000002,8.26760624
3.943800000000003,8.26760624
4.152600000000003,8.259637311
4.829670000000004,8.259637311
4.351600000000004,8.259637311
4.829670000000004,8.259637311
0.3489000000000004,8.259637311
4.529600000000004,8.259637311
5.647440000000006,8.259637311
2.527500000000001,8.259637311
3.1990000000000034,8.251811973
3.1990000000000034,8.251811973
4.106600000000004,8.251811973
3.4871000000000025,8.251811973
-0.0983900000000203,8.251811973
3.382600000000002,8.251811973
4.741700000000004,8.244125144
6.727200000000008,8.244125144
0.534400000000006,8.244125144
0.534400000000006,8.244125144
5.227100000000005,8.244125144
4.591200000000004,8.244125144
2.0261399999999994,8.244125144
2.0261399999999994,8.244125144
2.12122,8.236572006
2.7635000000000023,8.236572006
6.205400000000006,8.229147988
5.235700000000005,8.229147988
4.608900000000005,8.229147988
3.2729000000000026,8.229147988
3.7499400000000014,8.229147988
3.7499400000000014,8.229147988
6.260300000000006,8.229147988
4.139500000000004,8.22184875
4.482300000000004,8.22184875
4.025100000000005,8.214670165
2.278300000000007,8.214670165
-2.7348600000000154,8.214670165
5.672820000000006,8.207608311
5.056200000000006,8.207608311
2.9678099999999885,8.207608311
-0.4073300000000252,8.207608311
-2.530760000000031,8.207608311
1.4744,8.207608311
6.480200000000007,8.200659451
1.5254,8.200659451
3.6658000000000026,8.200659451
3.7062000000000026,8.200659451
4.494800000000004,8.193820026
0.6882000000000119,8.193820026
-2.6268,8.193820026
6.205400000000006,8.193820026
3.2353000000000023,8.193820026
3.744900000000003,8.187086643
2.7681000000000013,8.187086643
2.0581000000000014,8.187086643
2.0581000000000014,8.187086643
5.655300000000006,8.187086643
6.205400000000007,8.187086643
3.974520000000004,8.187086643
4.159000000000003,8.180456064
-2.108100000000002,8.180456064
7.158900000000007,8.180456064
4.575000000000004,8.173925197
6.727200000000008,8.173925197
5.655300000000006,8.173925197
5.250500000000004,8.173925197
5.176300000000007,8.167491087
1.7374000000000105,8.167491087
3.017000000000001,8.167491087
2.412,8.167491087
3.3161000000000014,8.167491087
2.772100000000002,8.167491087
4.640800000000004,8.161150909
5.362300000000006,8.161150909
1.7371000000000107,8.161150909
4.176400000000003,8.161150909
3.0375000000000014,8.15490196
4.834200000000004,8.15490196
4.306100000000003,8.15490196
-6.662689999999952,8.15490196
4.463300000000004,8.148741651
4.463300000000004,8.148741651
1.1153000000000055,8.148741651
5.752400000000006,8.148741651
5.194000000000006,8.148741651
4.319100000000003,8.142667504
4.219600000000003,8.142667504
-1.307999999999996,8.13667714
-1.307999999999996,8.13667714
5.752400000000006,8.13667714
5.442700000000004,8.13667714
7.620200000000008,8.13076828
0.6882000000000119,8.13076828
2.0007,8.13076828
5.782600000000006,8.13076828
3.4863000000000026,8.13076828
4.511200000000003,8.13076828
5.197500000000005,8.124938737
7.088600000000007,8.124938737
4.319500000000004,8.119186408
3.2333000000000016,8.119186408
4.421500000000004,8.113509275
5.051000000000005,8.113509275
4.413600000000004,8.107905397
4.413600000000004,8.107905397
1.5054000000000085,8.107905397
-0.2271999999999873,8.107905397
4.555000000000005,8.107905397
0.9084000000000072,8.107905397
5.813300000000008,8.107905397
3.437000000000002,8.107905397
2.1558000000000024,8.107905397
1.3238000000000107,8.102372909
1.3238000000000107,8.102372909
3.337800000000001,8.102372909
5.543900000000007,8.096910013
3.727300000000004,8.096910013
4.319500000000004,8.096910013
10.150299999999998,8.096910013
1.1153000000000055,8.091514981
3.651100000000002,8.091514981
4.019700000000003,8.091514981
5.501820000000007,8.091514981
-3.940799999999993,8.086186148
2.034080000000014,8.086186148
2.034080000000014,8.086186148
4.003600000000006,8.086186148
5.655300000000006,8.086186148
3.872300000000002,8.086186148
3.240000000000002,8.086186148
5.373000000000005,8.080921908
6.329700000000006,8.080921908
9.7932,8.080921908
1.3583,8.080921908
6.516000000000007,8.075720714
3.358000000000001,8.075720714
3.163600000000001,8.070581074
4.243800000000004,8.070581074
2.8209000000000017,8.070581074
4.750100000000003,8.070581074
3.3051000000000013,8.070581074
3.0004600000000003,8.065501549
3.5549000000000017,8.065501549
2.2203,8.065501549
5.176300000000007,8.060480747
5.259800000000005,8.060480747
1.3993,8.055517328
3.2494000000000023,8.050609993
3.2494000000000023,8.050609993
4.6661000000000055,8.045757491
5.569700000000005,8.045757491
5.477400000000006,8.045757491
5.477400000000006,8.045757491
4.305600000000004,8.040958608
-1.2515900000000213,8.040958608
2.6771,8.040958608
2.6771,8.040958608
-1.624199999999995,8.040958608
-6.887000000000014,8.036212173
5.655300000000006,8.036212173
0.9007999999999996,8.031517051
0.9229000000000008,8.031517051
5.250000000000005,8.031517051
5.2484000000000055,8.031517051
5.1331400000000045,8.031517051
2.512500000000002,8.031517051
1.7629000000000004,8.031517051
3.419500000000002,8.031517051
6.763800000000007,8.031517051
4.1427400000000025,8.026872146
1.2922999999999996,8.026872146
2.6346000000000007,8.026872146
2.6346000000000007,8.026872146
2.5627000000000004,8.026872146
8.470800000000008,8.026872146
8.694800000000006,8.026872146
8.694800000000006,8.026872146
1.1153000000000066,8.022276395
6.214300000000007,8.022276395
2.2776000000000005,8.022276395
3.462920000000002,8.017728767
1.5054000000000074,8.013228266
4.333500000000004,8.013228266
2.754900000000002,8.013228266
3.1891000000000016,8.008773924
2.750000000000001,8.008773924
1.2000999999999995,8.008773924
-4.016500000000028,8.008773924
4.238100000000003,8.008773924
1.5054000000000085,8.004364805
2.3574,8.004364805
6.260300000000006,8.004364805
5.468200000000008,8.0
4.785100000000004,8.0
2.702100000000001,8.0
4.467100000000004,8.0
3.752300000000002,8.0
5.052800000000004,8.0
0.7122000000000046,8.0
-1.054899999999994,8.0
3.3347000000000016,8.0
4.442400000000004,7.995678626
1.1153000000000066,7.987162775
4.886700000000004,7.987162775
4.116300000000003,7.978810701
4.116300000000003,7.978810701
2.3581000000000003,7.962573502
2.3581000000000003,7.962573502
7.761100000000009,7.958607315
2.264940000000001,7.958607315
4.759400000000004,7.958607315
2.7168,7.958607315
0.5767000000000028,7.958607315
1.1981,7.958607315
-0.4961999999999984,7.958607315
4.912100000000006,7.958607315
4.369800000000004,7.958607315
6.949500000000008,7.958607315
2.058670000000001,7.958607315
5.9869400000000095,7.958607315
3.5099000000000027,7.958607315
3.331100000000002,7.958607315
8.176900000000009,7.958607315
2.4502,7.958607315
4.405300000000003,7.958607315
6.083900000000007,7.954677021
2.888680000000001,7.954677021
3.6661000000000032,7.954677021
4.502600000000003,7.950781977
6.116300000000007,7.946921557
3.3031000000000024,7.935542011
4.127800000000002,7.931814138
5.463600000000006,7.931814138
1.5522400000000047,7.931814138
1.3576999999999992,7.928117993
2.227300000000001,7.928117993
3.203000000000002,7.920818754
3.203000000000002,7.920818754
4.478400000000004,7.920818754
5.6501000000000055,7.920818754
2.6093000000000064,7.920818754
2.676000000000002,7.920818754
3.365600000000002,7.920818754
6.602500000000008,7.920818754
11.068499999999991,7.920818754
6.602500000000008,7.920818754
2.5446000000000013,7.91721463
0.544100000000002,7.91721463
-6.037199999999985,7.913640169
3.073900000000002,7.913640169
-6.037199999999985,7.913640169
1.0341999999999991,7.913640169
6.497800000000007,7.910094889
2.754900000000002,7.906578315
6.325300000000008,7.903089987
3.1423000000000005,7.899629455
2.753,7.899629455
2.6474,7.88941029
4.832500000000004,7.88941029
7.538100000000009,7.88941029
2.610400000000001,7.88941029
2.473700000000001,7.886056648
5.916540000000005,7.886056648
5.373000000000005,7.886056648
3.4918000000000022,7.886056648
5.472700000000004,7.886056648
3.427100000000001,7.886056648
5.501400000000006,7.886056648
5.360000000000008,7.886056648
4.254000000000003,7.886056648
4.018700000000003,7.886056648
3.8606000000000025,7.886056648
3.8606000000000025,7.886056648
10.573399999999996,7.886056648
5.717600000000005,7.886056648
6.901500000000008,7.882728704
4.161200000000003,7.879426069
1.7894,7.876148359
0.3878000000000045,7.863279433
5.608100000000006,7.863279433
2.817200000000001,7.860120914
3.711100000000003,7.860120914
4.789800000000005,7.8569852
4.789800000000005,7.8569852
6.0744400000000045,7.853871964
4.847400000000004,7.853871964
5.615400000000006,7.853871964
6.872000000000008,7.853871964
5.655300000000006,7.853871964
1.433700000000005,7.853871964
2.758900000000002,7.853871964
8.08370000000001,7.853871964
2.4387000000000008,7.841637508
7.200500000000008,7.835647144
6.370500000000006,7.835647144
3.6775000000000015,7.823908741
4.687100000000004,7.823908741
-4.283900000000012,7.823908741
5.501400000000006,7.823908741
5.849600000000008,7.823908741
5.390400000000005,7.823908741
4.662700000000003,7.823908741
4.259000000000004,7.823908741
-0.3999000000000023,7.823908741
-0.3999000000000023,7.823908741
12.307599999999985,7.823908741
5.833700000000006,7.823908741
8.31010000000001,7.823908741
2.2776000000000005,7.823908741
3.124000000000001,7.823908741
4.214200000000005,7.823908741
5.136500000000005,7.823908741
1.8065,7.823908741
5.530300000000005,7.823908741
3.511300000000002,7.821023053
3.511300000000002,7.821023053
2.271100000000001,7.818156412
4.363100000000004,7.815308569
3.3031000000000024,7.812479279
4.750100000000003,7.809668302
3.4277000000000024,7.809668302
3.4277000000000024,7.809668302
3.5798400000000026,7.804100348
3.5798400000000026,7.804100348
2.692400000000001,7.801342913
2.507,7.798602876
2.507,7.798602876
3.9352000000000023,7.798602876
6.193700000000006,7.798602876
5.096720000000005,7.798602876
2.681400000000001,7.795880017
4.618100000000005,7.795880017
2.6947,7.795880017
4.972800000000006,7.795880017
4.919700000000005,7.795880017
1.1121000000000043,7.795880017
5.799000000000005,7.795880017
8.550700000000008,7.795880017
1.6915999999999995,7.790484985
2.3265000000000056,7.787812396
6.093000000000007,7.779891912
5.525300000000008,7.769551079
2.702100000000001,7.769551079
-9.06099999999993,7.769551079
5.891200000000008,7.769551079
3.552640000000003,7.769551079
2.7318000000000007,7.769551079
4.662500000000002,7.769551079
5.067200000000006,7.764471553
5.916520000000009,7.761953897
4.205000000000003,7.754487332
2.772100000000002,7.754487332
5.106100000000004,7.744727495
5.106100000000004,7.744727495
8.096500000000008,7.744727495
8.096500000000008,7.744727495
0.8753000000000002,7.744727495
6.381100000000006,7.744727495
4.307900000000004,7.744727495
3.805520000000002,7.744727495
-0.0614599999999966,7.744727495
2.992500000000001,7.744727495
4.9051000000000045,7.744727495
3.7248000000000023,7.744727495
3.5045800000000016,7.744727495
6.136600000000007,7.744727495
6.136600000000007,7.744727495
6.655900000000008,7.744727495
6.655900000000008,7.744727495
1.0252,7.744727495
-1.992300000000012,7.744727495
5.540300000000005,7.742321425
4.0397000000000025,7.742321425
3.090580000000001,7.742321425
6.083900000000007,7.739928612
3.494600000000003,7.739928612
3.494600000000003,7.739928612
4.697200000000004,7.735182177
4.697200000000004,7.735182177
1.2492,7.725842151
4.978100000000006,7.723538196
3.4983000000000013,7.723538196
2.8351400000000027,7.723538196
5.052000000000006,7.723538196
0.6832999999999998,7.721246399
4.882900000000005,7.721246399
4.052600000000004,7.721246399
4.079700000000003,7.721246399
5.368940000000005,7.721246399
0.5054000000000073,7.721246399
0.102500000000005,7.721246399
0.3237000000000045,7.721246399
6.297300000000006,7.721246399
1.3013999999999997,7.721246399
0.8066999999999999,7.718966633
3.109900000000005,7.718966633
4.873000000000004,7.716698771
6.810400000000008,7.714442691
5.330900000000005,7.71219827
6.116300000000007,7.70333481
2.428140000000002,7.70333481
0.7779000000000049,7.701146924
2.692400000000001,7.701146924
2.5595,7.698970004
3.923300000000002,7.698970004
3.533200000000001,7.698970004
2.966600000000001,7.698970004
5.495800000000005,7.698970004
5.775700000000005,7.698970004
1.1093000000000115,7.698970004
3.707900000000003,7.698970004
7.591200000000009,7.698970004
7.147900000000008,7.698970004
6.250200000000007,7.698970004
4.728070000000004,7.696803943
1.229900000000001,7.692503962
5.4081000000000055,7.681936665
7.5729000000000095,7.679853714
4.759400000000004,7.677780705
-7.276899999999948,7.677780705
5.891500000000006,7.677780705
6.771200000000007,7.677780705
3.045640000000001,7.677780705
6.260300000000006,7.677780705
10.645299999999995,7.677780705
5.608100000000007,7.673664139
3.701870000000002,7.669586227
0.3878000000000045,7.669586227
3.207300000000002,7.669586227
1.599000000000004,7.665546249
4.091970000000003,7.661543506
2.910000000000001,7.661543506
5.290400000000004,7.659555885
4.6444000000000045,7.657577319
4.6444000000000045,7.657577319
3.439900000000001,7.657577319
6.497800000000007,7.657577319
4.575300000000004,7.655607726
5.600400000000006,7.655607726
3.1699400000000013,7.653647026
1.170299999999999,7.649751982
3.9125000000000023,7.649751982
4.745500000000004,7.642065153
3.938300000000004,7.642065153
3.938300000000004,7.642065153
3.4247000000000027,7.640164518
4.153300000000003,7.638272164
4.723600000000005,7.638272164
4.249900000000004,7.638272164
5.082600000000005,7.638272164
1.5032000000000076,7.638272164
4.816700000000005,7.638272164
4.816700000000005,7.638272164
2.477900000000001,7.638272164
11.035399999999994,7.638272164
3.645600000000004,7.638272164
6.583800000000006,7.634512015
5.9165200000000056,7.628932138
6.070600000000007,7.627087997
-3.154200000000017,7.627087997
6.589000000000007,7.625251654
4.081600000000003,7.621602099
-0.2457999999999947,7.619788758
-0.2457999999999947,7.619788758
4.957100000000005,7.619788758
4.831400000000005,7.619788758
3.0033000000000016,7.619788758
4.139500000000004,7.619788758
5.309800000000005,7.619788758
1.498799999999987,7.619788758
1.4279000000000015,7.619788758
5.759900000000006,7.619788758
4.831400000000005,7.619788758
0.6018000000000029,7.619788758
5.7465000000000055,7.619788758
-4.02550000000002,7.619788758
10.255199999999997,7.619788758
1.40952,7.619788758
6.594000000000007,7.617982957
7.571600000000008,7.610833916
0.7030000000000031,7.605548319
0.7030000000000031,7.605548319
5.182600000000005,7.605548319
3.516300000000002,7.602059991
6.142500000000007,7.602059991
1.1880999999999995,7.602059991
4.873700000000008,7.602059991
4.806400000000004,7.602059991
4.937900000000004,7.602059991
3.511300000000002,7.600326279
3.511300000000002,7.600326279
4.313400000000002,7.600326279
-0.7395999999999892,7.600326279
4.179000000000004,7.600326279
4.101900000000005,7.596879479
5.186300000000005,7.595166283
0.6607000000000101,7.59345982
0.9229000000000008,7.591760035
3.5769400000000013,7.591760035
2.5932000000000004,7.591760035
6.017800000000006,7.585026652
5.111300000000005,7.585026652
5.991000000000006,7.585026652
5.891500000000006,7.585026652
-4.187200000000006,7.585026652
3.7647400000000015,7.585026652
4.107800000000003,7.585026652
3.857300000000002,7.581698709
5.052000000000006,7.580044252
7.118820000000008,7.571865206
4.499400000000003,7.571865206
4.399300000000003,7.568636236
4.403000000000004,7.568636236
-2.419599999999993,7.568636236
2.997800000000006,7.568636236
3.868900000000004,7.568636236
9.923799999999998,7.568636236
4.653400000000005,7.568636236
3.282320000000001,7.568636236
2.541500000000001,7.565431096
2.5872400000000004,7.565431096
-1.9005000000000136,7.565431096
2.8351400000000027,7.563837353
4.492800000000004,7.562249437
4.482070000000004,7.559090918
3.2626000000000017,7.559090918
1.599000000000004,7.555955204
4.363100000000004,7.555955204
-3.074099999999979,7.552841969
2.7168000000000028,7.552841969
1.1880999999999995,7.552841969
2.6838,7.552841969
9.027000000000005,7.552841969
8.492000000000008,7.552841969
3.073800000000001,7.549750892
3.0040000000000013,7.548213564
-2.9853000000000187,7.540607512
3.9452000000000034,7.537602002
6.671200000000006,7.537602002
2.8432000000000013,7.537602002
4.167300000000004,7.537602002
5.767100000000005,7.537602002
4.139500000000004,7.537602002
5.684500000000004,7.537602002
4.249900000000004,7.537602002
7.191300000000007,7.537602002
4.478400000000004,7.537602002
5.684500000000005,7.537602002
6.082400000000006,7.537602002
4.346900000000004,7.537602002
4.562300000000006,7.537602002
4.205200000000003,7.537602002
10.631799999999997,7.537602002
6.205400000000006,7.534617149
3.908100000000004,7.53313238
3.552600000000002,7.528708289
-2.505000000000018,7.528708289
6.819000000000008,7.527243551
4.937900000000004,7.522878745
5.472700000000004,7.522878745
4.263300000000004,7.522878745
2.428140000000002,7.517126416
6.819000000000008,7.514278574
6.205400000000007,7.514278574
1.9673,7.508638306
7.670470000000009,7.508638306
-7.665399999999946,7.508638306
5.554000000000005,7.508638306
5.8159000000000045,7.508638306
5.704000000000006,7.508638306
4.711900000000004,7.504455662
-0.4613999999999882,7.503070352
-0.4613999999999882,7.503070352
5.425400000000005,7.500312917
2.9496,7.500312917
2.1169,7.500312917
2.1169,7.500312917
5.070200000000004,7.494850022
5.182400000000006,7.494850022
6.057300000000007,7.494850022
1.9084,7.494850022
10.255199999999997,7.494850022
3.3031000000000024,7.492144128
4.027220000000003,7.492144128
2.745300000000001,7.48945499
7.5794000000000095,7.488116639
2.8582400000000003,7.48148606
4.399300000000003,7.48148606
4.529600000000004,7.48148606
4.234400000000004,7.48148606
3.3068000000000017,7.48148606
7.973300000000012,7.48148606
4.321800000000004,7.4710833
0.2644000000000046,7.468521083
3.718100000000007,7.468521083
5.111300000000005,7.468521083
6.385400000000007,7.468521083
6.371700000000006,7.468521083
6.032900000000007,7.46470588
7.118820000000008,7.463441557
3.358000000000001,7.462180905
0.7779000000000049,7.457174573
4.058700000000003,7.455931956
5.133400000000005,7.455931956
4.600200000000003,7.455931956
2.3019000000000003,7.455931956
4.089500000000003,7.455931956
7.20100000000001,7.455931956
5.830400000000006,7.453457337
5.456900000000005,7.444905551
3.5748000000000024,7.443697499
5.134000000000007,7.443697499
3.749400000000003,7.443697499
-5.106189999999968,7.443697499
4.238300000000005,7.443697499
1.680400000000012,7.443697499
2.618640000000002,7.443697499
4.355000000000005,7.441291429
4.355000000000005,7.441291429
2.3371000000000004,7.437707136
2.514800000000001,7.435333936
4.310500000000003,7.434152181
-1.3263999999999958,7.432973634
5.394700000000005,7.431798276
3.1891000000000016,7.431798276
3.859800000000004,7.431798276
4.886000000000005,7.431798276
5.770540000000006,7.431798276
8.22230000000001,7.431798276
11.52739999999999,7.431798276
3.3264000000000022,7.431798276
1.8971700000000016,7.431798276
1.8400700000000023,7.42945706
0.777900000000004,7.42365865
3.791800000000002,7.4225082
3.791800000000002,7.4225082
-6.168989999999958,7.420216403
6.11220000000001,7.420216403
1.4609999999999996,7.420216403
11.101599999999992,7.420216403
1.6303,7.420216403
5.070200000000004,7.419075024
4.872170000000004,7.417936637
2.804760000000001,7.417936637
4.872170000000004,7.417936637
4.139500000000004,7.413412695
-2.8935000000000195,7.408935393
4.372100000000005,7.408935393
4.411500000000003,7.408935393
8.226670000000007,7.408935393
4.972200000000004,7.408935393
4.042800000000003,7.408935393
5.106500000000005,7.408935393
6.288700000000006,7.408935393
9.7922,7.408935393
7.855100000000011,7.408935393
12.487599999999984,7.408935393
8.086100000000009,7.408935393
-2.2067000000000023,7.403402904
2.3581000000000003,7.399027104
2.3581000000000003,7.399027104
3.875600000000002,7.397940009
1.9805,7.397940009
2.618640000000002,7.397940009
1.635,7.397940009
5.600400000000006,7.396855627
2.1499000000000006,7.389339837
5.472700000000004,7.387216143
3.0866000000000025,7.387216143
6.376800000000007,7.387216143
3.9319000000000033,7.381951903
4.205000000000003,7.377785977
4.316600000000004,7.37675071
2.0445,7.37675071
1.6296699999999793,7.37675071
-4.187200000000006,7.37675071
-2.542799999999992,7.37675071
7.236300000000009,7.37675071
3.8732000000000033,7.37675071
3.9875000000000034,7.37675071
6.840000000000008,7.375717904
1.5117000000000018,7.372634143
0.0798000000000058,7.366531544
0.0798000000000058,7.366531544
1.8222000000000016,7.366531544
6.106400000000006,7.366531544
5.196500000000005,7.366531544
4.101200000000004,7.36552273
5.1352000000000055,7.364516253
5.1352000000000055,7.364516253
5.146200000000006,7.360513511
2.5266000000000006,7.356547324
4.306600000000004,7.356547324
6.281600000000006,7.356547324
5.554000000000005,7.356547324
6.744300000000008,7.356547324
3.1897400000000014,7.35261703
3.1897400000000014,7.35261703
4.792500000000004,7.351639989
2.6263000000000085,7.346787486
1.7371000000000107,7.346787486
6.192800000000008,7.343901798
5.408800000000006,7.337242168
5.554000000000005,7.337242168
3.2729000000000026,7.337242168
2.892100000000001,7.337242168
2.618640000000002,7.337242168
2.3314000000000004,7.335358024
3.0401399999999885,7.333482019
6.107700000000007,7.330683119
0.6382000000000043,7.327902142
4.885900000000006,7.327902142
5.196500000000005,7.327902142
4.983400000000005,7.327902142
-3.8542999999999807,7.318758763
3.2752000000000034,7.318758763
6.819000000000008,7.318758763
4.495900000000004,7.318758763
3.944300000000003,7.313363731
3.944300000000003,7.313363731
1.8917499999999885,7.313363731
6.710400000000009,7.313363731
1.0041999999999995,7.30980392
4.238500000000004,7.30980392
3.8826000000000023,7.30980392
7.617000000000009,7.30980392
6.887900000000007,7.307153081
7.066800000000006,7.305394801
6.022400000000006,7.304518324
-0.4842999999999924,7.304518324
-2.268200000000004,7.303643611
-2.0471600000000105,7.301029996
3.284200000000002,7.301029996
3.3130400000000013,7.301029996
-2.419599999999993,7.301029996
4.756000000000005,7.301029996
3.045640000000001,7.301029996
3.045640000000001,7.301029996
3.105300000000001,7.301029996
10.747199999999994,7.301029996
3.906300000000003,7.301029996
4.003400000000003,7.301029996
0.7452000000000001,7.301029996
5.615400000000006,7.299296283
-1.1068999999999969,7.295849483
4.712300000000004,7.292429824
2.215000000000001,7.292429824
1.1981,7.292429824
4.608900000000005,7.292429824
2.892100000000001,7.292429824
5.578100000000006,7.289036881
3.8484000000000025,7.284832642
3.219400000000002,7.283996656
3.498400000000003,7.283996656
6.773500000000007,7.283996656
5.704000000000006,7.283996656
7.035400000000009,7.283996656
6.885600000000007,7.283996656
2.9758000000000018,7.278189385
2.9167000000000014,7.27572413
2.9167000000000014,7.27572413
5.885900000000006,7.27572413
1.3172,7.27572413
1.3172,7.27572413
3.0930000000000017,7.27572413
6.876400000000008,7.274905479
1.0826400000000025,7.274088368
7.088600000000008,7.270025714
-2.5513000000000186,7.268411235
5.232900000000005,7.26760624
6.281600000000006,7.26760624
4.699100000000014,7.26760624
3.807100000000002,7.26760624
4.296500000000004,7.26760624
3.125640000000001,7.26760624
3.9155000000000033,7.259637311
3.1765000000000017,7.259637311
4.9192000000000045,7.256490235
5.102000000000005,7.252588192
3.194860000000001,7.252588192
3.5305,7.251811973
1.3172,7.251811973
4.1159000000000034,7.251811973
4.191740000000004,7.251811973
4.114900000000003,7.251811973
2.7921000000000014,7.251811973
2.1499000000000006,7.249491605
-0.8466500000000312,7.248720896
6.142500000000007,7.244125144
1.3176399999999993,7.244125144
4.529500000000004,7.244125144
4.886800000000005,7.244125144
4.238600000000003,7.244125144
2.9631000000000016,7.241845378
2.9631000000000016,7.241845378
0.6180000000000024,7.238824187
3.834500000000004,7.236572006
4.106500000000002,7.236572006
7.862000000000007,7.236572006
3.6415000000000015,7.236572006
2.026000000000002,7.230622674
2.6263000000000085,7.229147988
0.9964000000000148,7.229147988
3.3385000000000016,7.229147988
3.407400000000002,7.229147988
4.593300000000004,7.229147988
6.062200000000008,7.226945307
5.325300000000005,7.225483034
2.61036,7.22475374
3.0981000000000014,7.22184875
3.8251000000000026,7.219682688
5.757900000000007,7.219682688
4.792900000000005,7.219682688
1.5349000000000017,7.218963061
-0.8466500000000328,7.215382707
6.661900000000007,7.214670165
6.165800000000006,7.214670165
0.3878000000000045,7.21395879
3.111600000000002,7.21395879
3.111600000000002,7.21395879
-2.268200000000004,7.20481541
5.991000000000006,7.200659451
4.808100000000005,7.200659451
4.808100000000005,7.200659451
5.1490000000000045,7.200659451
2.9804000000000013,7.200659451
3.1130000000000013,7.200659451
4.627100000000003,7.200659451
2.897100000000001,7.199970641
4.224000000000003,7.199282922
5.944000000000006,7.197910742
6.513820000000008,7.197226275
4.946340000000004,7.193820026
2.9692000000000016,7.193820026
7.687800000000008,7.19314197
2.1499000000000006,7.190440285
6.106820000000007,7.190440285
6.384400000000007,7.190440285
5.437900000000004,7.187086643
4.830700000000004,7.187086643
4.622900000000004,7.187086643
4.256200000000003,7.187086643
3.6574000000000018,7.185752404
4.277520000000004,7.18243463
1.8522000000000003,7.181774106
3.7647400000000015,7.180456064
-0.4196999999999937,7.173925197
1.9058,7.173925197
-0.6267999999999923,7.173925197
5.110900000000004,7.173925197
6.760600000000006,7.173925197
4.496700000000004,7.173925197
6.532600000000008,7.167491087
3.9124000000000025,7.167491087
4.847200000000004,7.167491087
6.876400000000008,7.161780778
0.3878000000000045,7.161150909
0.2004,7.161150909
0.2004,7.161150909
5.030900000000004,7.161150909
6.876400000000008,7.15739076
2.55567,7.15490196
5.272800000000005,7.153662888
3.3051000000000013,7.153662888
2.5793000000000017,7.149966742
2.5793000000000017,7.149966742
3.4452000000000016,7.148741651
3.632900000000002,7.148741651
4.6951000000000045,7.142667504
3.6277000000000017,7.142667504
5.684500000000005,7.142667504
3.941320000000003,7.142667504
6.650400000000007,7.142667504
5.474300000000007,7.142667504
4.234500000000005,7.137868621
4.585400000000005,7.137272472
4.017800000000002,7.13667714
-6.7905999999999445,7.13667714
6.1276000000000055,7.13667714
5.135200000000006,7.131943638
5.135200000000006,7.131943638
1.4096599999999997,7.131943638
2.7168,7.13076828
2.829940000000001,7.13076828
2.829940000000001,7.13076828
3.439900000000001,7.13076828
9.143600000000005,7.13076828
3.4623000000000017,7.13076828
5.299800000000005,7.127261173
5.430400000000005,7.124938737
4.885900000000006,7.124938737
3.749400000000003,7.124938737
4.529600000000004,7.124938737
2.02158,7.123205024
5.146100000000005,7.119186408
2.42614,7.119186408
2.42614,7.119186408
-0.626799999999992,7.115204636
4.5575000000000045,7.113509275
6.139300000000008,7.113509275
4.382700000000003,7.111820506
2.6474,7.110698297
1.7180799999999996,7.109578981
1.4352999999999998,7.107905397
3.483100000000003,7.107905397
3.7165000000000026,7.107905397
4.974400000000005,7.102372909
5.586600000000005,7.102372909
2.3464,7.102372909
2.453100000000001,7.101274818
3.572300000000003,7.100179498
5.241500000000005,7.096910013
6.130800000000009,7.096910013
9.084900000000005,7.096910013
6.024600000000006,7.093664958
5.545400000000005,7.091514981
4.195300000000004,7.089909454
5.853100000000007,7.086716098
11.815599999999987,7.086186148
2.972100000000001,7.085656843
1.6035,7.085128182
5.056400000000005,7.083546051
2.9739000000000004,7.080921908
4.026000000000004,7.077793723
4.237700000000005,7.076238039
2.751600000000001,7.075720714
4.051600000000003,7.075720714
6.876500000000018,7.075720714
1.7056,7.075720714
1.7929999999999993,7.074172425
4.940300000000005,7.070581074
0.7675000000000107,7.070581074
-0.1072999999999893,7.070581074
2.618640000000002,7.070581074
-2.1087800000000447,7.070581074
5.152800000000004,7.07007044
-0.8743999999999921,7.068033885
9.1428,7.067019178
-0.6519999999999911,7.065501549
5.363800000000006,7.065501549
3.9691000000000023,7.063486258
6.671400000000008,7.060480747
-2.2960999999999947,7.056505484
3.977700000000003,7.056011125
3.7048000000000014,7.055517328
4.322000000000004,7.050609993
4.184520000000004,7.050609993
4.628600000000004,7.048662481
4.767000000000004,7.045757491
2.4583200000000014,7.045275209
2.4583200000000014,7.045275209
5.586600000000005,7.040958608
5.670840000000005,7.038578906
4.486800000000004,7.033858267
5.849600000000008,7.031517051
4.202800000000003,7.031517051
4.202800000000003,7.031517051
1.3010999999999997,7.031050319
0.9378799999999994,7.031050319
7.427240000000009,7.029653124
4.224000000000003,7.027334408
6.403600000000006,7.026872146
4.622500000000004,7.026410377
2.3581000000000003,7.024568191
2.3581000000000003,7.024568191
4.8780000000000046,7.022733788
-0.501199999999993,7.022276395
4.407600000000003,7.018634491
5.677520000000007,7.017728767
5.677520000000007,7.017728767
5.445100000000004,7.016824928
5.445100000000004,7.016824928
2.3775,7.013228266
5.684500000000004,7.013228266
7.118820000000008,7.012333735
5.373000000000005,7.008773924
1.5812999999999993,7.008773924
-0.1539799999999965,7.008773924
-0.1539799999999965,7.008773924
4.106600000000004,7.008773924
3.392000000000002,7.004364805
-1.3263999999999958,7.004364805
3.7647400000000015,7.004364805
-1.920950000000042,7.004364805
9.5337,7.004364805
5.886300000000006,7.0
4.756500000000003,7.0
3.7452000000000014,7.0
4.151300000000004,7.0
4.429500000000004,7.0
2.999000000000001,7.0
6.490300000000008,7.0
1.2288000000000006,7.0
4.921500000000005,7.0
5.245100000000005,7.0
5.762600000000006,7.0
1.3394000000000008,7.0
5.701700000000007,7.0
5.455700000000006,7.0
4.918500000000007,7.0
5.566000000000006,7.0
3.777100000000004,7.0
4.1425000000000045,7.0
5.710100000000007,7.0
4.246600000000003,7.0
3.1697000000000006,7.0
3.5561000000000025,7.0
4.539800000000004,7.0
3.7770000000000015,7.0
3.7696000000000014,7.0
5.956100000000008,7.0
4.376300000000004,7.0
5.567600000000007,7.0
6.326800000000008,7.0
5.452700000000006,7.0
2.847500000000001,7.0
3.5038000000000022,7.0
4.0846000000000044,7.0
3.287200000000001,7.0
4.464700000000004,7.0
5.754200000000006,7.0
5.147500000000005,7.0
5.936700000000008,7.0
3.466400000000001,7.0
3.923300000000002,7.0
3.6773000000000016,7.0
4.036400000000003,7.0
6.033800000000007,7.0
3.1237000000000026,7.0
4.886300000000004,7.0
1.2288000000000006,7.0
3.9862000000000033,7.0
5.427100000000005,7.0
5.945700000000006,7.0
3.339500000000001,7.0
5.278000000000005,7.0
6.356100000000007,7.0
6.091800000000007,7.0
4.314800000000003,7.0
4.929900000000005,7.0
5.505200000000006,7.0
6.481900000000008,7.0
5.3166000000000055,7.0
3.4297000000000013,7.0
3.4297000000000013,7.0
3.0109000000000017,7.0
5.684400000000006,7.0
5.452700000000006,7.0
2.8957,7.0
6.100200000000007,7.0
3.2174000000000005,7.0
3.1061000000000014,7.0
3.884300000000004,7.0
3.996200000000004,7.0
6.100200000000007,7.0
4.274400000000004,7.0
4.274400000000004,7.0
3.315100000000002,7.0
5.077700000000004,7.0
2.8634999999999997,7.0
3.454200000000003,7.0
2.009,7.0
4.043900000000003,7.0
5.402500000000006,7.0
2.258,7.0
5.402500000000005,7.0
3.997600000000002,7.0
2.8273,7.0
4.531400000000004,7.0
3.4019000000000026,7.0
4.384700000000004,7.0
3.2628000000000026,7.0
3.6773000000000016,7.0
3.295600000000001,7.0
5.339000000000005,7.0
5.894700000000007,7.0
2.9071000000000007,7.0
5.321600000000005,7.0
5.884700000000008,7.0
3.825100000000004,7.0
3.8580000000000014,7.0
4.311800000000003,7.0
6.234200000000008,7.0
6.818400000000008,7.0
5.115100000000005,7.0
5.493000000000007,7.0
4.508400000000004,7.0
3.2628000000000026,7.0
5.557600000000007,7.0
5.505200000000006,7.0
3.2872000000000003,7.0
2.6480999999999995,7.0
2.1561,7.0
2.1561,7.0
2.8451000000000004,7.0
2.8451000000000004,7.0
2.6561000000000003,7.0
2.6561000000000003,7.0
3.0496000000000008,7.0
3.0496000000000008,7.0
3.5881000000000016,7.0
3.5881000000000016,7.0
2.7084,7.0
2.7084,7.0
2.6481,7.0
2.6481,7.0
2.115499999999999,7.0
2.115499999999999,7.0
2.2664,7.0
2.2664,7.0
2.6986,7.0
2.6986,7.0
4.570800000000004,7.0
4.570800000000004,7.0
4.209900000000003,7.0
4.209900000000003,7.0
3.235900000000001,7.0
3.235900000000001,7.0
4.405700000000003,7.0
4.405700000000003,7.0
4.849000000000004,7.0
4.849000000000004,7.0
3.3278000000000016,7.0
3.3278000000000016,7.0
1.8679,7.0
1.8679,7.0
2.206,7.0
2.206,7.0
2.957700000000001,7.0
2.957700000000001,7.0
2.8971,7.0
2.8971,7.0
3.573800000000002,7.0
3.573800000000002,7.0
2.268,7.0
2.268,7.0
4.560800000000003,7.0
4.560800000000003,7.0
2.3174,7.0
2.3174,7.0
1.8779,7.0
1.8779,7.0
4.560800000000003,7.0
4.560800000000003,7.0
3.716580000000002,7.0
3.716580000000002,7.0
4.406500000000003,7.0
4.406500000000003,7.0
1.9203999999999997,7.0
1.9203999999999997,7.0
3.6857000000000015,7.0
3.6857000000000015,7.0
1.4778,7.0
1.4778,7.0
2.5032,7.0
2.5032,7.0
2.6481,7.0
2.6481,7.0
5.167500000000006,7.0
5.167500000000006,7.0
2.1561,7.0
2.1561,7.0
3.8214000000000015,7.0
3.8214000000000015,7.0
2.504,7.0
2.504,7.0
1.8779,7.0
1.8779,7.0
2.5032,7.0
2.5032,7.0
3.530800000000002,7.0
3.530800000000002,7.0
5.012400000000006,7.0
5.012400000000006,7.0
3.1409,7.0
3.1409,7.0
2.5056000000000003,7.0
2.5056000000000003,7.0
2.6986,7.0
2.6986,7.0
3.195400000000001,7.0
3.195400000000001,7.0
2.4851000000000005,7.0
2.4851000000000005,7.0
2.9594000000000014,7.0
2.9594000000000014,7.0
2.947700000000001,7.0
2.947700000000001,7.0
4.354000000000003,7.0
4.354000000000003,7.0
3.551200000000001,7.0
3.551200000000001,7.0
3.462600000000002,7.0
3.462600000000002,7.0
1.8679,7.0
1.8679,7.0
2.1692,7.0
2.1692,7.0
3.171100000000001,7.0
3.171100000000001,7.0
2.6561000000000003,7.0
2.6561000000000003,7.0
2.9478,7.0
2.9478,7.0
2.7509,7.0
2.7509,7.0
3.449300000000002,7.0
3.449300000000002,7.0
2.7084,7.0
2.7084,7.0
3.0464000000000007,7.0
3.0464000000000007,7.0
4.139900000000004,7.0
4.139900000000004,7.0
2.569300000000001,7.0
2.569300000000001,7.0
3.295600000000001,7.0
3.295600000000001,7.0
3.4383800000000013,7.0
3.4383800000000013,7.0
3.194600000000001,7.0
3.194600000000001,7.0
3.543200000000001,7.0
3.543200000000001,7.0
3.533200000000001,7.0
3.533200000000001,7.0
2.268,7.0
2.268,7.0
4.065800000000003,7.0
4.065800000000003,7.0
3.694500000000003,7.0
3.694500000000003,7.0
3.737800000000002,7.0
3.737800000000002,7.0
2.5054,7.0
2.5054,7.0
2.4697,7.0
2.4697,7.0
3.082700000000001,7.0
3.082700000000001,7.0
1.4778,7.0
1.4778,7.0
3.274000000000001,7.0
3.274000000000001,7.0
3.533200000000001,7.0
3.533200000000001,7.0
4.618000000000004,7.0
4.618000000000004,7.0
2.611800000000001,7.0
2.611800000000001,7.0
4.960900000000004,7.0
4.960900000000004,7.0
2.2651,7.0
2.2651,7.0
2.905500000000001,7.0
2.905500000000001,7.0
3.535800000000002,7.0
3.535800000000002,7.0
3.8233000000000033,7.0
3.8233000000000033,7.0
3.685500000000002,7.0
3.685500000000002,7.0
3.183700000000001,7.0
3.183700000000001,7.0
2.5593000000000004,7.0
2.5593000000000004,7.0
2.656500000000001,7.0
2.656500000000001,7.0
3.8655000000000026,7.0
6.810600000000006,7.0
3.5219000000000023,7.0
1.1156000000000013,7.0
4.316300000000004,7.0
0.1602899999999739,6.995678626
5.446500000000005,6.987162775
5.5472000000000055,6.987162775
5.734200000000006,6.987162775
3.8736000000000033,6.985479461
3.8736000000000033,6.985479461
3.625300000000003,6.984640245
2.1585,6.983384452
4.7092000000000045,6.982966661
-0.6206500000000263,6.978810701
5.761100000000005,6.975925013
6.459070000000011,6.974694135
2.516800000000001,6.974694135
5.623100000000006,6.974694135
1.5871000000000004,6.970616222
4.157200000000002,6.966978555
2.524800000000001,6.966576245
-0.4474999999999938,6.962573502
5.286520000000007,6.960982678
4.635800000000005,6.958607315
0.9187,6.958607315
-0.4961999999999984,6.958607315
4.307100000000003,6.958607315
5.673100000000006,6.958607315
5.775700000000005,6.958607315
5.862800000000005,6.958607315
1.1880999999999995,6.958607315
4.746100000000005,6.958607315
5.985400000000007,6.958607315
-0.6519999999999911,6.958607315
2.5036000000000005,6.958607315
6.540100000000007,6.958607315
5.362300000000006,6.954677021
3.877300000000002,6.954677021
4.757700000000004,6.946921557
4.757700000000004,6.946921557
5.202600000000006,6.946921557
4.891000000000006,6.946921557
2.7168000000000028,6.946921557
5.276900000000006,6.943095149
3.302100000000002,6.935916564
4.827900000000007,6.935542011
3.934300000000003,6.935542011
6.381100000000005,6.935542011
-1.4919400000000476,6.931814138
4.770300000000006,6.931814138
2.785100000000001,6.930331903
2.785100000000001,6.930331903
3.894800000000004,6.928117993
4.633000000000004,6.924453039
3.7647400000000015,6.924453039
2.4651000000000125,6.920818754
5.862800000000005,6.920818754
1.1880999999999995,6.920818754
1.7543000000000002,6.920818754
5.536200000000005,6.920818754
5.403100000000007,6.920818754
0.0218200000000107,6.920818754
0.0218200000000107,6.920818754
3.146200000000001,6.920818754
7.379000000000008,6.920818754
5.670840000000005,6.913640169
3.7647400000000015,6.910094889
5.201300000000005,6.909389292
2.3248000000000006,6.906578315
6.078960000000007,6.903089987
4.767000000000004,6.899629455
4.899600000000005,6.896196279
7.161300000000007,6.896196279
6.211500000000007,6.895854449
2.9124000000000008,6.89279003
2.9124000000000008,6.89279003
3.498400000000003,6.89279003
5.684500000000004,6.89279003
1.8601,6.886056648
4.5743000000000045,6.886056648
2.4610000000000047,6.886056648
6.157200000000006,6.886056648
5.647440000000006,6.886056648
0.3969400000000049,6.886056648
10.284199999999997,6.886056648
4.372900000000004,6.886056648
3.3031000000000024,6.877784122
3.877300000000002,6.876148359
3.7249000000000017,6.872895202
3.7249000000000017,6.872895202
2.4858,6.872895202
-0.9676999999999888,6.869666232
5.991000000000006,6.866461092
4.130800000000003,6.866461092
2.3728000000000007,6.863279433
4.991700000000004,6.860120914
4.991700000000004,6.860120914
5.404600000000005,6.860120914
4.032900000000002,6.859806321
3.8761000000000023,6.8569852
3.154100000000001,6.8569852
4.891000000000006,6.853871964
4.727520000000005,6.853871964
6.301900000000007,6.853871964
2.5462000000000007,6.853871964
6.508300000000006,6.853871964
3.835300000000003,6.853871964
4.306900000000003,6.853871964
-0.3659999999999938,6.850780887
5.013520000000004,6.847711656
3.5736000000000026,6.841336019
6.191800000000007,6.835647144
5.001800000000005,6.832682665
2.4444000000000026,6.830619505
2.0276,6.829738285
6.771200000000007,6.829738285
3.3031000000000024,6.829151796
2.427800000000002,6.827105302
4.469700000000004,6.826813732
-2.696400000000021,6.826813732
3.5008000000000017,6.823908741
3.737200000000003,6.823908741
4.567100000000004,6.823908741
3.5008000000000017,6.823908741
3.5008000000000017,6.823908741
6.165800000000006,6.823908741
6.065400000000006,6.823908741
6.778200000000011,6.823908741
5.071000000000005,6.823908741
4.651700000000003,6.823908741
5.355800000000006,6.823908741
1.1006,6.823908741
2.5806000000000004,6.823908741
4.372900000000004,6.823908741
3.836300000000002,6.821023053
4.218700000000004,6.818156412
4.991700000000004,6.818156412
4.991700000000004,6.818156412
2.5462000000000007,6.818156412
4.819200000000005,6.815308569
3.9730000000000034,6.815308569
4.963300000000004,6.815308569
1.2449000000000003,6.812479279
2.792600000000001,6.809948582
0.0798000000000069,6.804100348
0.0798000000000069,6.804100348
2.5108000000000086,6.802168307
5.635700000000006,6.801342913
2.936300000000001,6.801342913
5.318700000000006,6.801342913
4.518900000000003,6.799970733
4.004600000000004,6.799970733
4.581000000000004,6.799970733
2.1375,6.798602876
-0.2298100000000289,6.798602876
5.275400000000006,6.795880017
5.775700000000005,6.795880017
5.072500000000004,6.795880017
5.201200000000006,6.795880017
3.805520000000002,6.795880017
-0.4522999999999979,6.795880017
4.860900000000005,6.795880017
3.723200000000003,6.795880017
8.753500000000006,6.795880017
8.537000000000006,6.795880017
5.590300000000005,6.795880017
4.035700000000004,6.795880017
5.938000000000007,6.795066478
2.1585,6.794795636
5.157100000000004,6.794524963
5.157100000000004,6.794524963
3.6807000000000025,6.793174124
0.6807999999999998,6.787812396
4.148500000000004,6.787812396
4.301300000000003,6.787279846
2.4112,6.787013815
5.082000000000004,6.782516056
5.082000000000004,6.782516056
5.670840000000005,6.782516056
3.992000000000002,6.780153614
3.7429000000000032,6.779891912
2.714900000000001,6.777283529
1.5446,6.777283529
2.4942000000000077,6.775985189
4.441700000000004,6.774690718
5.6432000000000055,6.774690718
5.358500000000005,6.774690718
4.617400000000004,6.772113295
3.963700000000003,6.771086594
2.35,6.769551079
5.2553000000000045,6.769551079
5.8871000000000056,6.769551079
1.1618000000000126,6.769551079
-0.3807999999999933,6.769551079
3.921600000000002,6.769551079
2.797400000000001,6.769551079
6.217800000000007,6.769551079
11.540799999999988,6.769551079
2.785100000000001,6.768785352
2.785100000000001,6.768785352
6.910000000000009,6.764471553
3.8648000000000033,6.761953897
3.115000000000001,6.761953897
2.9124000000000017,6.760200182
2.9124000000000017,6.760200182
2.2799000000000005,6.758702613
4.990700000000005,6.758204569
5.117200000000006,6.757458572
3.353200000000001,6.756961951
3.037800000000002,6.754487332
-1.951590000000027,6.754487332
1.8669,6.752026734
3.508700000000002,6.746661995
3.5736000000000026,6.745693668
4.127300000000004,6.744727495
-3.4641999999999795,6.744727495
6.383200000000006,6.744727495
4.092700000000003,6.744727495
5.7389000000000046,6.744727495
5.793200000000008,6.744727495
9.251500000000002,6.744727495
4.058800000000003,6.744727495
4.7413400000000046,6.743763467
-1.0867999999999978,6.742321425
2.131800000000002,6.73754891
5.082000000000004,6.73754891
5.082000000000004,6.73754891
5.291600000000005,6.735182177
3.446600000000002,6.733298033
2.1499000000000006,6.729088361
2.057000000000002,6.728158393
2.057000000000002,6.728158393
3.911200000000002,6.728158393
4.954000000000005,6.728158393
5.193100000000004,6.728158393
6.190100000000006,6.721246399
6.475100000000008,6.721246399
6.475100000000008,6.721246399
3.566700000000002,6.721246399
4.937900000000004,6.721246399
8.701600000000006,6.721246399
8.474400000000008,6.721246399
6.761800000000006,6.721246399
6.324240000000005,6.718058067
2.1499000000000006,6.716698771
4.571100000000005,6.714442691
4.6914700000000105,6.714442691
-1.6752800000000452,6.71219827
5.267000000000006,6.710188161
5.082000000000004,6.707743929
5.082000000000004,6.707743929
1.7433999999999996,6.7000571
3.8736000000000033,6.698970004
5.082000000000004,6.698970004
5.082000000000004,6.698970004
0.8848099999999846,6.698970004
1.1156000000000013,6.698970004
4.322700000000004,6.698970004
1.5661999999999994,6.696803943
5.039600000000006,6.69572495
5.684500000000004,6.692503962
4.774100000000004,6.688246139
6.469000000000007,6.688246139
2.9167000000000014,6.684029655
0.1076999999999995,6.681936665
1.7180799999999996,6.680893941
4.998900000000004,6.679853714
-0.1589999999999936,6.679853714
1.110809999999986,6.679853714
3.385000000000004,6.677780705
-1.2044200000000265,6.677780705
4.550800000000004,6.677780705
9.586900000000002,6.677780705
5.193100000000004,6.675717545
5.184400000000005,6.675717545
2.1365,6.673664139
0.8848099999999846,6.671620397
3.4902700000000024,6.668167956
5.554000000000006,6.663540266
6.308600000000007,6.659952682
6.789900000000007,6.657577319
4.133400000000003,6.657577319
3.275900000000002,6.657577319
4.672700000000004,6.657577319
3.544200000000002,6.657577319
3.5817000000000028,6.657577319
2.6279000000000003,6.657577319
3.345100000000002,6.655607726
-1.0468000000000013,6.653647026
-1.0468000000000013,6.653647026
4.755100000000005,6.64168436
-0.3659999999999938,6.640164518
6.381100000000006,6.640164518
1.3000999999999998,6.638272164
1.1668999999999845,6.638272164
5.862800000000005,6.638272164
4.7370000000000045,6.638272164
2.618640000000002,6.638272164
3.937400000000003,6.638272164
4.685700000000004,6.638272164
3.767100000000002,6.633577043
4.687100000000004,6.630784143
5.322000000000006,6.625251654
1.977200000000001,6.623423043
4.547300000000003,6.620150821
4.759400000000004,6.619788758
3.9421000000000026,6.619788758
3.918600000000003,6.619788758
1.7073,6.619788758
2.745700000000001,6.617982957
4.404600000000003,6.616184634
4.277520000000004,6.609064893
4.102100000000003,6.602059991
3.372600000000002,6.602059991
0.4635000000000044,6.602059991
3.8655000000000026,6.602059991
-0.0734999999999922,6.602059991
0.4635000000000044,6.602059991
5.6940400000000055,6.602059991
6.793700000000007,6.602059991
4.963300000000004,6.600326279
4.624600000000005,6.594824454
5.5335000000000045,6.590066877
5.716800000000006,6.588380294
3.890900000000003,6.585026652
5.037300000000007,6.585026652
6.165800000000006,6.585026652
5.275800000000006,6.585026652
4.767000000000005,6.585026652
5.317700000000004,6.585026652
3.8740400000000026,6.585026652
5.975700000000006,6.585026652
3.9376000000000033,6.585026652
1.0236,6.585026652
4.899600000000005,6.580044252
4.261400000000004,6.57856061
4.745100000000005,6.578396073
4.745100000000005,6.578396073
5.670840000000005,6.574139855
3.7985000000000015,6.571865206
1.3279799999999995,6.569602409
5.219500000000006,6.569280112
4.021100000000003,6.568636236
4.767000000000004,6.568636236
1.294800000000007,6.568636236
4.401120000000004,6.568636236
4.296400000000004,6.568636236
1.8284,6.565431096
2.4583200000000005,6.562883907
2.4583200000000005,6.562883907
4.301600000000003,6.560667306
1.5016499999999855,6.559090918
2.1499000000000006,6.556737013
5.713700000000006,6.556580538
-0.1378999999999925,6.554395797
3.108200000000001,6.552841969
4.135270000000013,6.552841969
5.134900000000005,6.552841969
4.937900000000004,6.552841969
1.398,6.552841969
1.398,6.552841969
1.1656,6.55129368
1.8101400000000047,6.548213564
3.3305000000000007,6.54515514
4.622500000000004,6.539102157
3.980500000000003,6.537602002
3.038099999999997,6.537602002
6.190100000000006,6.537602002
4.494800000000004,6.534617149
2.4689,6.53165267
2.4689,6.53165267
4.767000000000004,6.522878745
-0.9042999999999952,6.522878745
3.5817000000000028,6.522878745
5.6234000000000055,6.522878745
2.9758000000000018,6.511449283
4.578800000000004,6.508638306
3.872700000000001,6.508638306
1.4515000000000091,6.508638306
3.5817000000000028,6.508638306
4.081100000000004,6.505845406
4.621400000000005,6.504455662
2.477600000000005,6.503347061
5.0880000000000045,6.500312917
3.974300000000002,6.500038134
-2.9401000000000046,6.498940738
5.541500000000005,6.497709472
5.914700000000006,6.49757288
-3.651899999999963,6.494850022
4.459400000000006,6.494850022
1.9395,6.494850022
6.625900000000008,6.494850022
3.3190000000000017,6.494850022
3.684020000000002,6.494850022
5.018800000000004,6.494850022
4.705100000000003,6.492144128
5.130900000000005,6.492144128
3.977700000000003,6.492144128
4.705100000000003,6.492144128
1.4689,6.488116639
4.196300000000004,6.48148606
4.541500000000004,6.48148606
4.114900000000003,6.48148606
2.0231000000000003,6.476253533
2.1631,6.476253533
1.5448999999999993,6.469032318
5.740700000000007,6.468521083
3.9376000000000033,6.468521083
5.617400000000005,6.468521083
4.014100000000004,6.466609292
1.4096599999999997,6.463820468
5.192700000000006,6.462180905
5.147500000000006,6.458420756
2.2848,6.457174573
6.859700000000008,6.456677099
6.190100000000006,6.455931956
4.1845200000000045,6.455931956
6.886300000000007,6.453457337
4.599900000000004,6.449649328
4.991700000000004,6.444905551
4.991700000000004,6.444905551
-0.8092200000000085,6.443697499
-3.0082999999999918,6.443697499
3.284800000000002,6.443697499
3.5840000000000027,6.443697499
4.529500000000005,6.443697499
3.8205000000000022,6.443697499
3.979600000000003,6.443697499
4.819200000000005,6.441291429
4.777220000000004,6.434152181
5.702600000000007,6.431798276
2.9720000000000013,6.431798276
4.776400000000004,6.431798276
4.211800000000005,6.431798276
7.475200000000009,6.431798276
5.412100000000006,6.430041182
4.879900000000005,6.424812155
4.976100000000004,6.42136079
5.437600000000005,6.420216403
4.868600000000005,6.419417123
3.8420000000000014,6.419075024
5.513700000000006,6.413412695
4.968400000000005,6.412176829
4.063500000000003,6.410944469
5.904100000000007,6.409938769
7.9281000000000095,6.408935393
6.768800000000008,6.404503778
4.442500000000004,6.403402904
9.842,6.397940009
2.785100000000001,6.392223396
2.785100000000001,6.392223396
-4.622499999999997,6.390405591
4.157200000000004,6.387958255
4.003800000000004,6.387216143
3.5748000000000024,6.387216143
6.885600000000007,6.387216143
3.9299000000000026,6.386581055
1.3282,6.382999659
4.279200000000004,6.381951903
1.5448999999999993,6.376854125
2.819,6.37675071
1.8789,6.37675071
4.650800000000004,6.37675071
1.3880999999999997,6.37675071
4.780300000000005,6.37675071
4.529500000000004,6.37675071
8.363400000000007,6.37675071
2.9109000000000016,6.374687549
3.0250400000000006,6.369572125
3.985100000000003,6.368556231
3.985100000000003,6.368556231
5.809940000000005,6.367239112
-9.08819999999994,6.366531544
5.690700000000007,6.361510743
4.363100000000004,6.358525889
5.254800000000005,6.356547324
4.901500000000005,6.355561411
2.807700000000001,6.353596274
3.240300000000002,6.353596274
4.633900000000004,6.351639989
5.430000000000006,6.349692477
3.0412000000000017,6.348721986
2.204,6.347753659
-3.594800000000016,6.347753659
3.6258000000000017,6.346787486
4.877400000000004,6.345823458
4.991700000000004,6.342944147
4.991700000000004,6.342944147
1.923,6.338187314
4.441100000000004,6.337242168
3.8009200000000014,6.337242168
3.999000000000003,6.337242168
1.8310000000000028,6.334419009
1.8310000000000028,6.334419009
5.667000000000007,6.333482019
5.0815000000000055,6.331334585
6.321700000000007,6.329661359
4.220000000000003,6.327994555
3.6625000000000014,6.327902142
2.3232,6.327902142
4.287600000000003,6.326058001
3.3161000000000014,6.324221658
2.9550000000000014,6.32330639
-0.7692999999999939,6.32330639
2.526600000000001,6.319664487
1.5563999999999998,6.318758763
3.492500000000001,6.318758763
3.6258000000000017,6.318758763
4.114900000000003,6.318758763
3.8591000000000033,6.318758763
5.043400000000006,6.313900228
6.185140000000005,6.310336035
2.2231,6.30980392
4.442500000000004,6.30980392
3.421200000000003,6.30980392
3.421200000000003,6.30980392
4.709500000000005,6.306624849
4.877400000000004,6.306273051
4.041700000000003,6.301029996
5.281500000000006,6.301029996
5.281500000000006,6.301029996
2.8947000000000016,6.301029996
3.541800000000003,6.301029996
5.619000000000005,6.301029996
1.67,6.299988938
2.803300000000001,6.298950369
2.803300000000001,6.298950369
5.068020000000006,6.298432015
5.068020000000006,6.298432015
5.068020000000006,6.298432015
3.521100000000001,6.297828049
4.461400000000005,6.294136288
5.801400000000004,6.294136288
5.801400000000004,6.294136288
5.194000000000005,6.293282218
5.221100000000006,6.292429824
3.926200000000004,6.292429824
3.158900000000003,6.292429824
4.1845200000000045,6.292429824
1.9347,6.289882635
4.633900000000004,6.287350298
4.162200000000005,6.286257522
5.894200000000008,6.28567024
3.908100000000004,6.285418791
2.1558000000000024,6.284832642
1.266099999999999,6.278931698
1.266099999999999,6.278931698
3.492500000000001,6.27572413
5.8871000000000056,6.27572413
4.730100000000005,6.269217724
3.102400000000001,6.26760624
3.908000000000002,6.26760624
3.3161000000000014,6.26520017
4.224000000000003,6.2644011
3.6098000000000026,6.2644011
5.082000000000004,6.262012674
5.082000000000004,6.262012674
5.681700000000006,6.259637311
4.101600000000004,6.258848401
3.359300000000002,6.258848401
2.8615000000000004,6.256490235
-3.3708000000000142,6.253365801
5.257200000000005,6.244125144
4.136700000000004,6.244125144
2.7197000000000005,6.244125144
3.571900000000001,6.241845378
5.065000000000005,6.238072162
5.065000000000005,6.238072162
5.443100000000006,6.238072162
5.040200000000005,6.236572006
-0.6051200000000236,6.236572006
5.793200000000008,6.236572006
3.253300000000002,6.236572006
4.301800000000003,6.234331445
5.037800000000005,6.233587153
1.881,6.233587153
1.525000000000003,6.231361899
4.279200000000004,6.231361899
6.771200000000007,6.229884705
3.7961000000000142,6.229147988
4.629800000000004,6.228412519
3.7675000000000023,6.22184875
2.538800000000001,6.22184875
6.304900000000008,6.22184875
3.3264000000000022,6.221125528
2.803300000000002,6.220259249
2.803300000000002,6.220259249
4.750300000000003,6.217527376
5.571120000000006,6.216096421
5.082000000000004,6.214670165
5.082000000000004,6.214670165
6.235800000000007,6.214670165
7.42480000000001,6.214670165
6.787300000000009,6.214670165
4.871920000000005,6.209152096
2.9724000000000013,6.207608311
3.536100000000002,6.207608311
3.484100000000007,6.200659451
1.7396999999999994,6.200659451
4.997820000000005,6.197910742
5.872320000000006,6.192464972
2.3996000000000004,6.187755303
3.7048000000000014,6.180456064
4.087300000000003,6.175874166
3.961140000000003,6.175678875
5.239000000000005,6.173925197
5.239000000000005,6.173925197
2.360400000000001,6.173925197
3.6586000000000025,6.172630727
3.9559000000000015,6.171597922
3.900400000000003,6.168130226
4.279200000000004,6.167491087
3.4971000000000023,6.167491087
5.013000000000005,6.167491087
3.450400000000003,6.161150909
4.355500000000004,6.161150909
6.546200000000008,6.161150909
6.546200000000008,6.161150909
4.867500000000004,6.160521953
2.057000000000002,6.158015195
2.057000000000002,6.158015195
0.8953799999999997,6.156082362
0.6807999999999998,6.15490196
11.035399999999994,6.15490196
4.693600000000004,6.15459186
-1.5241000000000025,6.153044675
2.582300000000001,6.148741651
5.423100000000005,6.148741651
10.719199999999994,6.148741651
4.160200000000003,6.148741651
4.047000000000003,6.145086978
3.565800000000002,6.143573228
7.161300000000007,6.14327111
3.4918000000000022,6.142667504
4.254300000000005,6.142667504
4.6925000000000034,6.142667504
4.558200000000004,6.142667504
6.778200000000011,6.142667504
-3.978860000000032,6.142667504
3.154100000000002,6.142064735
3.2685000000000013,6.13996161
4.381500000000004,6.137212902
6.834900000000007,6.13667714
3.202700000000001,6.13667714
9.6416,6.13667714
2.6279000000000003,6.13667714
11.482799999999989,6.13667714
4.592400000000004,6.133122186
3.3710000000000027,6.131943638
3.3710000000000027,6.131943638
4.688300000000004,6.131061822
5.137500000000005,6.13076828
4.696700000000004,6.13076828
3.469100000000002,6.13076828
5.095900000000005,6.129830279
3.7192000000000025,6.128777443
4.223500000000004,6.127261173
4.223500000000004,6.127261173
4.877400000000004,6.124938737
4.723100000000004,6.124938737
4.725000000000005,6.120330794
7.146000000000008,6.119758224
2.524100000000001,6.119186408
2.524100000000001,6.119186408
4.091100000000003,6.116338565
3.700000000000002,6.113509275
4.578600000000004,6.111427403
5.895800000000006,6.109578981
2.8573000000000013,6.107905397
2.2051000000000003,6.107348966
4.496700000000004,6.103473783
4.529000000000004,6.099632871
3.8835000000000015,6.096910013
5.082000000000004,6.096910013
5.082000000000004,6.096910013
5.845700000000006,6.096910013
3.240300000000002,6.093126465
3.6868000000000025,6.091514981
3.867000000000002,6.091514981
3.938300000000004,6.087034379
3.938300000000004,6.087034379
-7.223999999999945,6.075720714
3.271100000000001,6.075720714
1.0469000000000002,6.074687909
9.254600000000003,6.070581074
2.5266000000000006,6.069050969
0.816300000000002,6.065501549
0.816300000000002,6.065501549
-0.0609999999999876,6.065501549
2.2374000000000005,6.063989204
2.0787999999999984,6.062682752
2.0787999999999984,6.062682752
5.0240000000000045,6.061980903
5.833200000000006,6.061480275
3.4918000000000027,6.057495894
6.469300000000008,6.056505484
1.402,6.055517328
5.360600000000007,6.055517328
3.375400000000002,6.055024092
5.983100000000007,6.054039296
5.022000000000005,6.049976093
5.803800000000006,6.046723663
2.5738000000000003,6.046723663
2.463540000000005,6.045757491
4.937900000000004,6.045757491
4.041500000000003,6.045757491
3.160700000000002,6.045757491
6.319500000000008,6.042871802
4.543300000000004,6.042296958
4.543300000000004,6.042296958
6.304200000000008,6.040005162
3.203000000000002,6.036212173
8.06460000000001,6.036212173
9.842,6.036212173
1.6885000000000028,6.035269079
1.6885000000000028,6.035269079
5.493000000000006,6.034798299
7.420500000000008,6.034328029
5.034500000000006,6.031517051
5.034500000000006,6.031517051
5.785300000000006,6.030118356
4.096300000000003,6.029978734
3.335300000000001,6.029188389
3.812700000000003,6.026872146
3.812700000000003,6.026872146
4.458400000000003,6.026410377
6.221700000000007,6.019996628
3.880500000000003,6.017728767
4.308700000000004,6.017728767
8.961100000000002,6.017728767
4.768200000000005,6.010995384
3.193900000000001,6.004364805
4.012800000000003,6.0
4.9550000000000045,6.0
5.4146000000000045,6.0
-4.041999999999965,6.0
3.7248000000000023,6.0
3.4918000000000022,6.0
6.265400000000006,6.0
6.265400000000006,6.0
0.6946999999999999,6.0
1.505400000000003,6.0
5.176100000000005,6.0
10.0348,6.0
3.3264000000000022,5.0
5.146200000000006,5.0
5.146200000000006,5.0
2.2790000000000004,5.0
4.430300000000004,5.0
4.430300000000004,5.0
4.128300000000002,5.0
7.538900000000006,5.0
7.277900000000008,5.0
3.937400000000003,5.0
5.589520000000007,4.996772188
4.955500000000004,4.996108834
-1.8067999999999895,4.995678626
5.778400000000006,4.994647864
3.4375000000000027,4.992380225
2.369400000000001,4.991399828
3.6986000000000026,4.988852639
4.482700000000003,4.984640245
3.211800000000001,4.974018636
1.2105000000000046,4.973875483
3.014200000000001,4.966174306
-0.6991999999999976,4.962573502
4.765300000000003,4.962573502
4.7656000000000045,4.962573502
4.154600000000003,4.961777362
2.565700000000001,4.95939766
5.758400000000006,4.953817109
5.623800000000005,4.949233689
3.826100000000002,4.947883449
3.8557000000000015,4.94195377
4.4425000000000034,4.93930216
4.688300000000004,4.938924676
6.888400000000006,4.938924676
5.534400000000005,4.933487722
4.8159000000000045,4.920818754
2.422300000000001,4.919012953
5.068020000000005,4.916676582
5.534000000000005,4.915781313
4.270300000000003,4.915066425
5.484700000000005,4.911155437
4.2531000000000025,4.910094889
4.9767000000000055,4.903089987
-1.348699999999995,4.899629455
1.1933000000000051,4.897360516
4.173800000000004,4.890016705
4.022900000000004,4.886056648
4.022900000000004,4.886056648
4.323000000000004,4.883392256
4.685900000000005,4.883027177
-3.741000000000024,4.879426069
2.422300000000001,4.876801925
4.045900000000003,4.872360765
-3.750000000000015,4.869666232
3.9685000000000032,4.867644238
5.983900000000007,4.866461092
4.776800000000005,4.862804188
5.333200000000006,4.861855256
5.625800000000006,4.861697302
4.218300000000004,4.856829007
4.214700000000002,4.854803594
2.677820000000001,4.853871964
-0.6737000000000017,4.850780887
4.352600000000004,4.839981904
3.880200000000002,4.838631998
4.857900000000004,4.830619505
3.0142,4.825940192
3.1629000000000014,4.823908741
4.205300000000003,4.823908741
-3.536900000000012,4.823908741
4.845600000000005,4.823619308
3.841300000000003,4.823619308
-2.810300000000016,4.821023053
5.493300000000006,4.818499412
5.5221000000000044,4.817015033
3.7478000000000034,4.816730156
5.3269000000000055,4.814599517
4.586600000000005,4.812479279
4.017980000000003,4.80732106
4.343600000000004,4.803685615
4.086900000000003,4.802168307
2.6962000000000006,4.795880017
4.482700000000003,4.794931036
-2.279400000000014,4.790484985
6.174700000000007,4.790484985
3.9391000000000034,4.790484985
4.093200000000003,4.785156152
4.955500000000004,4.783570169
3.5059000000000022,4.77389008
5.011600000000005,4.77389008
4.201200000000004,4.770011163
2.499900000000001,4.76853041
3.7543000000000015,4.756961951
4.617900000000003,4.756565063
3.881800000000002,4.753550662
4.022400000000003,4.74836178
5.573300000000006,4.747996979
4.776800000000005,4.740884156
5.935900000000006,4.740406121
5.663200000000006,4.734302678
0.1129000000000056,4.730487056
2.089500000000002,4.728390699
4.793100000000004,4.725842151
4.662500000000004,4.725426536
4.267400000000003,4.721246399
3.003700000000001,4.717944629
4.768200000000005,4.716246617
4.073800000000003,4.712041594
5.082900000000005,4.707522406
3.848100000000003,4.688097869
4.360700000000004,4.681936665
4.121300000000003,4.68006156
2.2293,4.67838086
3.2452000000000023,4.67481285
3.4424000000000032,4.660349842
4.154600000000003,4.659754238
4.360700000000004,4.659555885
4.628200000000004,4.651792523
4.366500000000004,4.651111277
4.565400000000003,4.650334016
4.565400000000003,4.649558143
5.639800000000006,4.646045321
-2.239299999999995,4.643974143
3.5226000000000024,4.642065153
3.8339000000000025,4.636576067
4.936800000000004,4.634980257
3.8019000000000025,4.634137785
4.747620000000004,4.632290078
4.241400000000004,4.630784143
3.5226000000000024,4.630784143
4.8022000000000045,4.624500992
4.978300000000005,4.618487825
3.728500000000003,4.609771638
4.857900000000004,4.605460769
5.322000000000005,4.603800653
1.4877000000000058,4.602059991
4.514600000000002,4.601712695
3.776200000000003,4.597738618
3.3047000000000013,4.58552805
2.8526000000000007,4.583442699
5.293500000000005,4.583276302
3.5745000000000013,4.57741016
5.511300000000006,4.576508369
3.555900000000002,4.55791237
4.288100000000004,4.556111453
4.212300000000004,4.551850428
3.6837000000000018,4.551200958
4.145600000000004,4.550814829
4.231400000000003,4.549581519
3.2742000000000013,4.549581519
4.631280000000004,4.546987609
5.870100000000006,4.537751785
3.196900000000001,4.534617149
2.9354,4.52614823
3.522100000000002,4.509999358
3.8445000000000022,4.498570991
5.1631000000000045,4.497846107
2.0101,4.49573308
5.514100000000006,4.492022759
3.357700000000002,4.482012797
4.546700000000004,4.480237615
3.731200000000003,4.480040819
5.712100000000006,4.476969278
4.535700000000004,4.46821463
4.310200000000003,4.460033632
3.7173000000000025,4.456503118
4.694500000000004,4.448367051
3.041270000000001,4.445413937
3.290000000000001,4.427012292
4.104700000000004,4.4225082
4.204500000000003,4.421475395
3.5745000000000013,4.416687848
3.8480000000000025,4.414798797
5.709000000000007,4.410597798
4.175300000000002,4.407601154
4.621500000000005,4.404547871
5.244100000000006,4.385208208
2.7603000000000004,4.37675071
4.107400000000004,4.364445887
4.060800000000003,4.3616805
4.550100000000004,4.356300635
3.107400000000001,4.355847095
5.495600000000006,4.346420903
5.102900000000005,4.34356638
4.154600000000003,4.341130408
2.877800000000001,4.338348194
4.578200000000004,4.330506462
3.516900000000001,4.32540521
4.375500000000004,4.324304127
3.4424000000000032,4.308741642
1.9538000000000024,4.300943145
1.9538000000000024,4.293026324
4.251200000000003,4.283170613
3.276200000000002,4.283162277
1.5011,4.282271262
3.6837000000000018,4.279228979
4.258900000000003,4.277160494
3.861100000000002,4.274382351
3.2653000000000016,4.271321633
2.834600000000001,4.261536561
3.7173000000000025,4.259645207
3.0825000000000005,4.25783282
2.360800000000002,4.251734427
4.6490000000000045,4.247183569
3.861100000000002,4.244208964
3.08484,4.238515699
3.9822000000000015,4.227458267
1.8795000000000024,4.22701855
5.717000000000006,4.226067353
4.744200000000005,4.215753692
7.269800000000008,4.21481258
3.6643000000000026,4.209728914
3.436580000000002,4.182699122
3.258900000000002,4.178388226
4.763400000000003,4.173264535
4.477400000000004,4.162727297
3.334100000000002,4.140261434
4.865800000000005,4.139596105
2.9952000000000005,4.132797766
2.4471,4.119186408
-0.3861199999999991,4.117264912
3.6004000000000023,4.08979729
2.9114000000000018,4.084858813
3.514000000000001,4.072219151
3.514000000000002,4.071348153
2.935700000000002,4.067592196
2.9114000000000018,4.064397019
2.677820000000001,4.026872146
2.404399999999998,4.017715195
3.3991000000000025,4.002155096
5.511300000000006,3.82279548
